{
  "Name": "Fire",
  "Version": "1.0.2",
  "Factory Info": {
    "Vendor": "Blue Wings Music",
    "URL": "",
    "E-Mail": "",
    "Flags": {
      "Unicode": true,
      "Classes Discardable": false,
      "Component Non Discardable": false,
    },
  },
  "Classes": [
    {
      "CID": "ABCDEF019182FAEB57696E6746697265",
      "Category": "Audio Module Class",
      "Name": "Fire",
      "Vendor": "Blue Wings Music",
      "Version": "1.0.2",
      "SDKVersion": "VST 3.7.12",
      "Sub Categories": [
        "Fx",
      ],
      "Class Flags": 0,
      "Cardinality": 2147483647,
      "Snapshots": [
      ],
    },
    {
      "CID": "ABCDEF011234ABCD57696E6746697265",
      "Category": "Component Controller Class",
      "Name": "Fire",
      "Vendor": "Blue Wings Music",
      "Version": "1.0.2",
      "SDKVersion": "VST 3.7.12",
      "Sub Categories": [
        "Fx",
      ],
      "Class Flags": 0,
      "Cardinality": 2147483647,
      "Snapshots": [
      ],
    },
  ],
}
